puzzle_id,collection_name,level_name,layout,level_width,level_height,sokobanonline__likes_rate,sokobanonline__solve_rate,sokobanonline__shortest_solution,enjoyment_cat,difficulty_cat,shortestpath_cat,stimuli_set,boxes,start_position,shortest_solution,astar_solution,astar_iters,astar_solution_length,astar_solution_string
0,Microban,67,"['#####', '#   ##', '# #  #', '#@$*.##', '##  . #', ' # $# #', ' ##   #', '  #####']",7,8,0.0299212598425196,0.6031496062992125,37.0,low,hard,short,A,"[{'x': 2, 'y': 3, 'state': '$'}, {'x': 3, 'y': 3, 'state': '*'}, {'x': 3, 'y': 5, 'state': '$'}]","{'x': 1, 'y': 3}",,"[{'x': 0, 'y': -1}, {'x': 0, 'y': -1}, {'x': 1, 'y': 0}, {'x': 1, 'y': 0}, {'x': 0, 'y': 1}, {'x': 0, 'y': 1}, {'x': 1, 'y': 0}, {'x': 0, 'y': 1}, {'x': -1, 'y': 0}, {'x': 0, 'y': -1}, {'x': 0, 'y': -1}, {'x': 0, 'y': -1}, {'x': -1, 'y': 0}, {'x': -1, 'y': 0}, {'x': 0, 'y': 1}, {'x': 0, 'y': 1}, {'x': 1, 'y': 0}, {'x': 1, 'y': 0}, {'x': 0, 'y': 1}, {'x': 1, 'y': 0}, {'x': 1, 'y': 0}, {'x': 0, 'y': 1}, {'x': 0, 'y': 1}, {'x': -1, 'y': 0}, {'x': -1, 'y': 0}, {'x': 0, 'y': -1}, {'x': -1, 'y': 0}, {'x': 0, 'y': -1}, {'x': 1, 'y': 0}, {'x': 0, 'y': -1}, {'x': 0, 'y': -1}, {'x': 0, 'y': -1}, {'x': -1, 'y': 0}, {'x': -1, 'y': 0}, {'x': 0, 'y': 1}, {'x': 0, 'y': 1}, {'x': 1, 'y': 0}]",996,37,uurrddrdluuullddrrdrrddlluluruuullddr
1,Microban,33,"['#######', '#. #  #', '#  $  #', '#. $#@#', '#  $  #', '#. #  #', '#######']",7,7,0.0254957507082152,0.6364494806421152,41.0,low,hard,short,B,"[{'x': 3, 'y': 2, 'state': '$'}, {'x': 3, 'y': 3, 'state': '$'}, {'x': 3, 'y': 4, 'state': '$'}]","{'x': 5, 'y': 3}",,"[{'x': 0, 'y': -1}, {'x': -1, 'y': 0}, {'x': -1, 'y': 0}, {'x': 1, 'y': 0}, {'x': 1, 'y': 0}, {'x': 0, 'y': 1}, {'x': 0, 'y': 1}, {'x': -1, 'y': 0}, {'x': -1, 'y': 0}, {'x': 0, 'y': -1}, {'x': 0, 'y': 1}, {'x': -1, 'y': 0}, {'x': 0, 'y': -1}, {'x': -1, 'y': 0}, {'x': 0, 'y': 1}, {'x': 0, 'y': -1}, {'x': 0, 'y': -1}, {'x': 0, 'y': -1}, {'x': 1, 'y': 0}, {'x': 0, 'y': 1}, {'x': 1, 'y': 0}, {'x': 0, 'y': 1}, {'x': 0, 'y': 1}, {'x': 1, 'y': 0}, {'x': 1, 'y': 0}, {'x': 0, 'y': -1}, {'x': 0, 'y': -1}, {'x': -1, 'y': 0}, {'x': -1, 'y': 0}, {'x': -1, 'y': 0}, {'x': 1, 'y': 0}, {'x': 0, 'y': 1}, {'x': 0, 'y': 1}, {'x': -1, 'y': 0}, {'x': -1, 'y': 0}, {'x': 0, 'y': -1}, {'x': 0, 'y': -1}, {'x': 1, 'y': 0}, {'x': 1, 'y': 0}, {'x': 0, 'y': 1}, {'x': -1, 'y': 0}]",22964,41,ullrrddlludlulduuurdrddrruulllrddlluurrdl
2,Microban,26,"[' #####', ' # @ #', ' #   #', '###$ #', '# ...#', '# $$ #', '###  #', '  ####']",6,8,0.0222222222222222,0.6666666666666666,41.0,low,hard,short,C,"[{'x': 3, 'y': 3, 'state': '$'}, {'x': 2, 'y': 5, 'state': '$'}, {'x': 3, 'y': 5, 'state': '$'}]","{'x': 3, 'y': 1}",,"[{'x': 1, 'y': 0}, {'x': 0, 'y': 1}, {'x': 0, 'y': 1}, {'x': 0, 'y': 1}, {'x': -1, 'y': 0}, {'x': 0, 'y': -1}, {'x': 0, 'y': 1}, {'x': 1, 'y': 0}, {'x': 0, 'y': 1}, {'x': 0, 'y': 1}, {'x': -1, 'y': 0}, {'x': 0, 'y': -1}, {'x': 0, 'y': -1}, {'x': -1, 'y': 0}, {'x': -1, 'y': 0}, {'x': 0, 'y': 1}, {'x': 1, 'y': 0}, {'x': 0, 'y': -1}, {'x': 1, 'y': 0}, {'x': 1, 'y': 0}, {'x': 0, 'y': 1}, {'x': 0, 'y': 1}, {'x': -1, 'y': 0}, {'x': 0, 'y': -1}, {'x': 1, 'y': 0}, {'x': 0, 'y': -1}, {'x': -1, 'y': 0}, {'x': 1, 'y': 0}, {'x': 0, 'y': -1}, {'x': 0, 'y': -1}, {'x': 0, 'y': -1}, {'x': -1, 'y': 0}, {'x': -1, 'y': 0}, {'x': 0, 'y': 1}, {'x': 1, 'y': 0}, {'x': 0, 'y': 1}, {'x': 0, 'y': -1}, {'x': 0, 'y': -1}, {'x': 1, 'y': 0}, {'x': 0, 'y': 1}, {'x': 0, 'y': 1}]",2264,41,rdddludrddluulldrurrddlurulruuulldrduurdd
3,Sokogen-990602-Levels,13,"['######', '#@   ##', '# .$* ##', '# #$.  #', '#      #', '########']",8,6,0.0402298850574712,0.6954022988505747,38.0,high,hard,short,A,"[{'x': 3, 'y': 2, 'state': '$'}, {'x': 4, 'y': 2, 'state': '*'}, {'x': 3, 'y': 3, 'state': '$'}]","{'x': 1, 'y': 1}",,"[{'x': 1, 'y': 0}, {'x': 1, 'y': 0}, {'x': 1, 'y': 0}, {'x': 0, 'y': 1}, {'x': 0, 'y': -1}, {'x': -1, 'y': 0}, {'x': -1, 'y': 0}, {'x': 0, 'y': 1}, {'x': 1, 'y': 0}, {'x': -1, 'y': 0}, {'x': -1, 'y': 0}, {'x': 0, 'y': 1}, {'x': 0, 'y': 1}, {'x': 1, 'y': 0}, {'x': 1, 'y': 0}, {'x': 0, 'y': -1}, {'x': 1, 'y': 0}, {'x': 0, 'y': 1}, {'x': -1, 'y': 0}, {'x': -1, 'y': 0}, {'x': -1, 'y': 0}, {'x': 0, 'y': -1}, {'x': 0, 'y': -1}, {'x': 0, 'y': -1}, {'x': 1, 'y': 0}, {'x': 1, 'y': 0}, {'x': 1, 'y': 0}, {'x': 0, 'y': 1}, {'x': -1, 'y': 0}, {'x': 0, 'y': 1}, {'x': 0, 'y': 1}, {'x': 1, 'y': 0}, {'x': 0, 'y': -1}, {'x': 0, 'y': 1}, {'x': 1, 'y': 0}, {'x': 1, 'y': 0}, {'x': 0, 'y': -1}, {'x': -1, 'y': 0}]",775,38,rrrdulldrllddrrurdllluuurrrdlddrudrrul
4,Sokogen-990602-Levels,19,"['######', '#@  .#', '#$$$ #', '#. # #', '#  . #', '######']",6,6,0.03125,0.6875,41.0,high,hard,short,B,"[{'x': 1, 'y': 2, 'state': '$'}, {'x': 2, 'y': 2, 'state': '$'}, {'x': 3, 'y': 2, 'state': '$'}]","{'x': 1, 'y': 1}",,"[{'x': 0, 'y': 1}, {'x': 0, 'y': -1}, {'x': 1, 'y': 0}, {'x': 1, 'y': 0}, {'x': 1, 'y': 0}, {'x': 0, 'y': 1}, {'x': 0, 'y': 1}, {'x': 0, 'y': 1}, {'x': -1, 'y': 0}, {'x': -1, 'y': 0}, {'x': 0, 'y': -1}, {'x': 0, 'y': -1}, {'x': -1, 'y': 0}, {'x': 0, 'y': -1}, {'x': 1, 'y': 0}, {'x': 1, 'y': 0}, {'x': -1, 'y': 0}, {'x': 0, 'y': 1}, {'x': 0, 'y': 1}, {'x': 0, 'y': 1}, {'x': -1, 'y': 0}, {'x': 0, 'y': -1}, {'x': 1, 'y': 0}, {'x': 0, 'y': 1}, {'x': 1, 'y': 0}, {'x': 1, 'y': 0}, {'x': 0, 'y': -1}, {'x': 0, 'y': -1}, {'x': -1, 'y': 0}, {'x': 0, 'y': -1}, {'x': -1, 'y': 0}, {'x': 0, 'y': 1}, {'x': 0, 'y': 1}, {'x': -1, 'y': 0}, {'x': 0, 'y': 1}, {'x': 1, 'y': 0}, {'x': 0, 'y': -1}, {'x': 0, 'y': -1}, {'x': 0, 'y': -1}, {'x': -1, 'y': 0}, {'x': 0, 'y': 1}]",1855,41,durrrdddlluulurrldddlurdrruululddldruuuld
5,Sokogen-990602-Levels,41,"['######', '#    #', '# ## ##', '# .$@.###', '## $$   #', ' #  #.  #', ' ########']",9,7,0.0316455696202531,0.7088607594936709,45.0,high,hard,short,C,"[{'x': 3, 'y': 3, 'state': '$'}, {'x': 3, 'y': 4, 'state': '$'}, {'x': 4, 'y': 4, 'state': '$'}]","{'x': 4, 'y': 3}",,"[{'x': 0, 'y': -1}, {'x': 0, 'y': -1}, {'x': -1, 'y': 0}, {'x': -1, 'y': 0}, {'x': -1, 'y': 0}, {'x': 0, 'y': 1}, {'x': 0, 'y': 1}, {'x': 1, 'y': 0}, {'x': 1, 'y': 0}, {'x': -1, 'y': 0}, {'x': 0, 'y': 1}, {'x': 0, 'y': 1}, {'x': 1, 'y': 0}, {'x': 0, 'y': -1}, {'x': 1, 'y': 0}, {'x': -1, 'y': 0}, {'x': -1, 'y': 0}, {'x': 0, 'y': -1}, {'x': -1, 'y': 0}, {'x': 0, 'y': -1}, {'x': 0, 'y': -1}, {'x': 1, 'y': 0}, {'x': 1, 'y': 0}, {'x': 1, 'y': 0}, {'x': 0, 'y': 1}, {'x': 0, 'y': 1}, {'x': 1, 'y': 0}, {'x': 0, 'y': 1}, {'x': -1, 'y': 0}, {'x': 0, 'y': -1}, {'x': 0, 'y': -1}, {'x': 0, 'y': -1}, {'x': -1, 'y': 0}, {'x': -1, 'y': 0}, {'x': -1, 'y': 0}, {'x': 0, 'y': 1}, {'x': 0, 'y': 1}, {'x': 1, 'y': 0}, {'x': 1, 'y': 0}, {'x': 1, 'y': 0}, {'x': 0, 'y': 1}, {'x': -1, 'y': 0}, {'x': 0, 'y': 1}, {'x': -1, 'y': 0}, {'x': 0, 'y': -1}]",3695,45,uulllddrrlddrurlluluurrrddrdluuulllddrrrdldlu
6,Sokogen-990602-Levels,32,"['#######', '##   ##', '## #.##', '#  $.##', '# # $ #', '#  * @#', '#######']",7,7,0.0298507462686567,0.753731343283582,33.0,low,easy,short,A,"[{'x': 3, 'y': 3, 'state': '$'}, {'x': 4, 'y': 4, 'state': '$'}, {'x': 3, 'y': 5, 'state': '*'}]","{'x': 5, 'y': 5}",,"[{'x': 0, 'y': -1}, {'x': -1, 'y': 0}, {'x': 0, 'y': -1}, {'x': 0, 'y': -1}, {'x': 0, 'y': -1}, {'x': -1, 'y': 0}, {'x': -1, 'y': 0}, {'x': 0, 'y': 1}, {'x': 0, 'y': 1}, {'x': 1, 'y': 0}, {'x': -1, 'y': 0}, {'x': -1, 'y': 0}, {'x': 0, 'y': 1}, {'x': 0, 'y': 1}, {'x': 1, 'y': 0}, {'x': 1, 'y': 0}, {'x': 0, 'y': -1}, {'x': 1, 'y': 0}, {'x': 0, 'y': -1}, {'x': -1, 'y': 0}, {'x': 0, 'y': 1}, {'x': 0, 'y': 1}, {'x': -1, 'y': 0}, {'x': -1, 'y': 0}, {'x': 0, 'y': -1}, {'x': 0, 'y': -1}, {'x': 1, 'y': 0}, {'x': 1, 'y': 0}, {'x': 0, 'y': 1}, {'x': 1, 'y': 0}, {'x': 1, 'y': 0}, {'x': 0, 'y': 1}, {'x': -1, 'y': 0}]",868,33,uluuullddrllddrrurulddlluurrdrrdl
7,Sokogen-990602-Levels,17,"['#####', '#@  ###', '# $$$ #', '## ...#', '#   # #', '#     #', '#######']",7,7,0.0216216216216216,0.8594594594594595,41.0,low,easy,short,B,"[{'x': 2, 'y': 2, 'state': '$'}, {'x': 3, 'y': 2, 'state': '$'}, {'x': 4, 'y': 2, 'state': '$'}]","{'x': 1, 'y': 1}",,"[{'x': 1, 'y': 0}, {'x': 1, 'y': 0}, {'x': 0, 'y': 1}, {'x': 0, 'y': -1}, {'x': -1, 'y': 0}, {'x': 0, 'y': 1}, {'x': 0, 'y': 1}, {'x': 1, 'y': 0}, {'x': 0, 'y': 1}, {'x': 0, 'y': 1}, {'x': 1, 'y': 0}, {'x': 1, 'y': 0}, {'x': 0, 'y': -1}, {'x': 0, 'y': -1}, {'x': 0, 'y': -1}, {'x': -1, 'y': 0}, {'x': -1, 'y': 0}, {'x': 0, 'y': 1}, {'x': 1, 'y': 0}, {'x': -1, 'y': 0}, {'x': 0, 'y': 1}, {'x': 0, 'y': 1}, {'x': -1, 'y': 0}, {'x': -1, 'y': 0}, {'x': 0, 'y': -1}, {'x': 1, 'y': 0}, {'x': 0, 'y': 1}, {'x': 1, 'y': 0}, {'x': 0, 'y': -1}, {'x': -1, 'y': 0}, {'x': 0, 'y': -1}, {'x': 1, 'y': 0}, {'x': 0, 'y': -1}, {'x': 0, 'y': -1}, {'x': -1, 'y': 0}, {'x': -1, 'y': 0}, {'x': 0, 'y': 1}, {'x': 1, 'y': 0}, {'x': 0, 'y': -1}, {'x': 1, 'y': 0}, {'x': 0, 'y': 1}]",6702,41,rrdulddrddrruuulldrlddllurdruluruulldrurd
8,Microban,17,"['#####', '# @ #', '#...#', '#$$$##', '#    #', '#    #', '######']",6,7,0.0199134199134199,0.7229437229437229,25.0,low,easy,short,C,"[{'x': 1, 'y': 3, 'state': '$'}, {'x': 2, 'y': 3, 'state': '$'}, {'x': 3, 'y': 3, 'state': '$'}]","{'x': 2, 'y': 1}",,"[{'x': 1, 'y': 0}, {'x': 0, 'y': 1}, {'x': 0, 'y': 1}, {'x': 0, 'y': -1}, {'x': -1, 'y': 0}, {'x': -1, 'y': 0}, {'x': 0, 'y': 1}, {'x': 1, 'y': 0}, {'x': 0, 'y': 1}, {'x': 0, 'y': 1}, {'x': 1, 'y': 0}, {'x': 1, 'y': 0}, {'x': 0, 'y': -1}, {'x': -1, 'y': 0}, {'x': 0, 'y': -1}, {'x': 0, 'y': 1}, {'x': 0, 'y': 1}, {'x': -1, 'y': 0}, {'x': 0, 'y': -1}, {'x': 0, 'y': -1}, {'x': 0, 'y': 1}, {'x': 0, 'y': 1}, {'x': -1, 'y': 0}, {'x': 0, 'y': -1}, {'x': 0, 'y': -1}]",653,25,rddulldrddrruluddluuddluu
9,Sokogen-990602-Levels,18,"['#######', '#  ####', '#   ###', '#$ $@##', '#. #$ #', '#  . .#', '#######']",7,7,0.0342465753424657,0.7876712328767124,31.0,high,easy,short,A,"[{'x': 1, 'y': 3, 'state': '$'}, {'x': 3, 'y': 3, 'state': '$'}, {'x': 4, 'y': 4, 'state': '$'}]","{'x': 4, 'y': 3}",,"[{'x': 0, 'y': 1}, {'x': 0, 'y': -1}, {'x': -1, 'y': 0}, {'x': 0, 'y': -1}, {'x': -1, 'y': 0}, {'x': -1, 'y': 0}, {'x': 0, 'y': 1}, {'x': 1, 'y': 0}, {'x': 0, 'y': 1}, {'x': 0, 'y': 1}, {'x': -1, 'y': 0}, {'x': 0, 'y': -1}, {'x': 0, 'y': 1}, {'x': 1, 'y': 0}, {'x': 1, 'y': 0}, {'x': 1, 'y': 0}, {'x': 0, 'y': -1}, {'x': 0, 'y': -1}, {'x': -1, 'y': 0}, {'x': 0, 'y': -1}, {'x': -1, 'y': 0}, {'x': 0, 'y': 1}, {'x': 0, 'y': 1}, {'x': -1, 'y': 0}, {'x': 0, 'y': 1}, {'x': 1, 'y': 0}, {'x': 0, 'y': -1}, {'x': 0, 'y': -1}, {'x': 0, 'y': -1}, {'x': -1, 'y': 0}, {'x': 0, 'y': 1}]",2168,31,dululldrddludrrruululddldruuuld
10,Dimitri-and-Yorick,37,"['######', '# @$.#', '# $$.#', '#  #.#', '#    #', '######']",6,6,0.0536912751677852,0.8120805369127517,41.0,high,easy,short,B,"[{'x': 3, 'y': 1, 'state': '$'}, {'x': 2, 'y': 2, 'state': '$'}, {'x': 3, 'y': 2, 'state': '$'}]","{'x': 2, 'y': 1}",,"[{'x': 0, 'y': 1}, {'x': -1, 'y': 0}, {'x': 0, 'y': 1}, {'x': 0, 'y': 1}, {'x': 1, 'y': 0}, {'x': 1, 'y': 0}, {'x': 1, 'y': 0}, {'x': 0, 'y': -1}, {'x': 0, 'y': -1}, {'x': 0, 'y': -1}, {'x': -1, 'y': 0}, {'x': 1, 'y': 0}, {'x': 0, 'y': 1}, {'x': 0, 'y': 1}, {'x': 0, 'y': 1}, {'x': -1, 'y': 0}, {'x': -1, 'y': 0}, {'x': -1, 'y': 0}, {'x': 0, 'y': -1}, {'x': 0, 'y': -1}, {'x': 1, 'y': 0}, {'x': 1, 'y': 0}, {'x': 0, 'y': -1}, {'x': 1, 'y': 0}, {'x': 0, 'y': 1}, {'x': -1, 'y': 0}, {'x': -1, 'y': 0}, {'x': -1, 'y': 0}, {'x': 0, 'y': 1}, {'x': 0, 'y': 1}, {'x': 1, 'y': 0}, {'x': 0, 'y': -1}, {'x': -1, 'y': 0}, {'x': 0, 'y': -1}, {'x': 1, 'y': 0}, {'x': 1, 'y': 0}, {'x': -1, 'y': 0}, {'x': -1, 'y': 0}, {'x': 0, 'y': -1}, {'x': 1, 'y': 0}, {'x': 1, 'y': 0}]",1084,41,dlddrrruuulrdddllluurrurdlllddrulurrllurr
11,Sokogen-990602-Levels,14,"['######', '#  . #', '# #. ##', '#  .  #', '# $$$ #', '#  # @#', '#######']",7,7,0.0483870967741935,0.9112903225806452,37.0,high,easy,short,C,"[{'x': 2, 'y': 4, 'state': '$'}, {'x': 3, 'y': 4, 'state': '$'}, {'x': 4, 'y': 4, 'state': '$'}]","{'x': 5, 'y': 5}",,"[{'x': -1, 'y': 0}, {'x': 0, 'y': -1}, {'x': 1, 'y': 0}, {'x': 0, 'y': -1}, {'x': -1, 'y': 0}, {'x': 0, 'y': -1}, {'x': 0, 'y': -1}, {'x': -1, 'y': 0}, {'x': -1, 'y': 0}, {'x': -1, 'y': 0}, {'x': 0, 'y': 1}, {'x': 0, 'y': 1}, {'x': 0, 'y': 1}, {'x': 0, 'y': 1}, {'x': 1, 'y': 0}, {'x': 0, 'y': -1}, {'x': 1, 'y': 0}, {'x': 0, 'y': -1}, {'x': 0, 'y': -1}, {'x': 0, 'y': 1}, {'x': 0, 'y': 1}, {'x': -1, 'y': 0}, {'x': -1, 'y': 0}, {'x': 0, 'y': -1}, {'x': 1, 'y': 0}, {'x': 0, 'y': 1}, {'x': 1, 'y': 0}, {'x': 0, 'y': -1}, {'x': 1, 'y': 0}, {'x': 1, 'y': 0}, {'x': 0, 'y': 1}, {'x': 0, 'y': 1}, {'x': -1, 'y': 0}, {'x': 0, 'y': -1}, {'x': 1, 'y': 0}, {'x': 0, 'y': -1}, {'x': -1, 'y': 0}]",3380,37,luruluulllddddruruuddllurdrurrddlurul
12,Microban,104,"['    #####', '#####   #', '#    $  #', '#  $#$#@#', '### #   #', '  # ... #', '  ###  ##', '    #  #', '    ####']",9,9,0.0155210643015521,0.7095343680709535,79.0,low,hard,long,A,"[{'x': 5, 'y': 2, 'state': '$'}, {'x': 3, 'y': 3, 'state': '$'}, {'x': 5, 'y': 3, 'state': '$'}]","{'x': 7, 'y': 3}",,"[{'x': 0, 'y': -1}, {'x': -1, 'y': 0}, {'x': -1, 'y': 0}, {'x': -1, 'y': 0}, {'x': -1, 'y': 0}, {'x': 0, 'y': 1}, {'x': -1, 'y': 0}, {'x': -1, 'y': 0}, {'x': 0, 'y': -1}, {'x': 1, 'y': 0}, {'x': 1, 'y': 0}, {'x': 1, 'y': 0}, {'x': 1, 'y': 0}, {'x': 0, 'y': 1}, {'x': 0, 'y': 1}, {'x': 0, 'y': 1}, {'x': -1, 'y': 0}, {'x': -1, 'y': 0}, {'x': 0, 'y': -1}, {'x': 0, 'y': -1}, {'x': 0, 'y': 1}, {'x': 0, 'y': 1}, {'x': 1, 'y': 0}, {'x': 1, 'y': 0}, {'x': 1, 'y': 0}, {'x': 0, 'y': 1}, {'x': 0, 'y': 1}, {'x': -1, 'y': 0}, {'x': 0, 'y': -1}, {'x': 1, 'y': 0}, {'x': 0, 'y': -1}, {'x': 1, 'y': 0}, {'x': 0, 'y': -1}, {'x': 0, 'y': -1}, {'x': 0, 'y': -1}, {'x': -1, 'y': 0}, {'x': 0, 'y': -1}, {'x': -1, 'y': 0}, {'x': 0, 'y': 1}, {'x': -1, 'y': 0}, {'x': -1, 'y': 0}, {'x': 0, 'y': 1}, {'x': 0, 'y': 1}, {'x': 0, 'y': 1}, {'x': 1, 'y': 0}, {'x': 1, 'y': 0}, {'x': -1, 'y': 0}, {'x': -1, 'y': 0}, {'x': 0, 'y': -1}, {'x': 0, 'y': -1}, {'x': -1, 'y': 0}, {'x': -1, 'y': 0}, {'x': 0, 'y': -1}, {'x': 1, 'y': 0}, {'x': 1, 'y': 0}, {'x': 1, 'y': 0}, {'x': 1, 'y': 0}, {'x': 0, 'y': 1}, {'x': 0, 'y': 1}, {'x': 1, 'y': 0}, {'x': 0, 'y': 1}, {'x': -1, 'y': 0}, {'x': 0, 'y': 1}, {'x': 0, 'y': 1}, {'x': 1, 'y': 0}, {'x': 0, 'y': -1}, {'x': -1, 'y': 0}, {'x': 0, 'y': -1}, {'x': 0, 'y': -1}, {'x': 1, 'y': 0}, {'x': 1, 'y': 0}, {'x': 0, 'y': -1}, {'x': 0, 'y': -1}, {'x': -1, 'y': 0}, {'x': 0, 'y': -1}, {'x': -1, 'y': 0}, {'x': 0, 'y': 1}, {'x': 0, 'y': 1}, {'x': 0, 'y': 1}]",39298,79,ulllldllurrrrdddlluuddrrrddlururuuululdlldddrrlluullurrrrddrdlddruluurruululddd
13,Microban,41,"['#######', '#     #', '#@$$$ ##', '#  #...#', '##    ##', ' ######']",8,6,0.0200803212851405,0.7208835341365462,50.0,low,hard,long,B,"[{'x': 2, 'y': 2, 'state': '$'}, {'x': 3, 'y': 2, 'state': '$'}, {'x': 4, 'y': 2, 'state': '$'}]","{'x': 1, 'y': 2}",,"[{'x': 0, 'y': -1}, {'x': 1, 'y': 0}, {'x': 0, 'y': 1}, {'x': 0, 'y': -1}, {'x': 1, 'y': 0}, {'x': 1, 'y': 0}, {'x': 0, 'y': 1}, {'x': -1, 'y': 0}, {'x': 1, 'y': 0}, {'x': 1, 'y': 0}, {'x': 0, 'y': 1}, {'x': 0, 'y': 1}, {'x': -1, 'y': 0}, {'x': 0, 'y': -1}, {'x': 1, 'y': 0}, {'x': 0, 'y': -1}, {'x': 0, 'y': -1}, {'x': -1, 'y': 0}, {'x': -1, 'y': 0}, {'x': 0, 'y': 1}, {'x': 1, 'y': 0}, {'x': 0, 'y': -1}, {'x': 1, 'y': 0}, {'x': 0, 'y': 1}, {'x': -1, 'y': 0}, {'x': -1, 'y': 0}, {'x': 0, 'y': -1}, {'x': -1, 'y': 0}, {'x': -1, 'y': 0}, {'x': 0, 'y': 1}, {'x': 1, 'y': 0}, {'x': 1, 'y': 0}, {'x': 1, 'y': 0}, {'x': 0, 'y': 1}, {'x': 1, 'y': 0}, {'x': 0, 'y': 1}, {'x': -1, 'y': 0}, {'x': -1, 'y': 0}, {'x': -1, 'y': 0}, {'x': 0, 'y': -1}, {'x': -1, 'y': 0}, {'x': 0, 'y': -1}, {'x': 1, 'y': 0}, {'x': 1, 'y': 0}, {'x': 0, 'y': -1}, {'x': 1, 'y': 0}, {'x': 0, 'y': 1}, {'x': 0, 'y': -1}, {'x': 1, 'y': 0}, {'x': 0, 'y': 1}]",1495,50,urdurrdlrrddluruulldrurdllulldrrrdrdlllulurrurdurd
14,Microcosmos,28,"['     ####', '    ##  #', '   ## . #', '#### $  #', '# $ $.@##', '#  .  ##', '#######']",9,7,0.0303030303030303,0.5878787878787879,73.0,low,hard,long,C,"[{'x': 5, 'y': 3, 'state': '$'}, {'x': 2, 'y': 4, 'state': '$'}, {'x': 4, 'y': 4, 'state': '$'}]","{'x': 6, 'y': 4}",,"[{'x': -1, 'y': 0}, {'x': 0, 'y': 1}, {'x': -1, 'y': 0}, {'x': -1, 'y': 0}, {'x': 0, 'y': -1}, {'x': 1, 'y': 0}, {'x': 0, 'y': -1}, {'x': 1, 'y': 0}, {'x': -1, 'y': 0}, {'x': 0, 'y': 1}, {'x': 0, 'y': 1}, {'x': -1, 'y': 0}, {'x': -1, 'y': 0}, {'x': -1, 'y': 0}, {'x': 0, 'y': -1}, {'x': 1, 'y': 0}, {'x': 1, 'y': 0}, {'x': 0, 'y': 1}, {'x': 1, 'y': 0}, {'x': 1, 'y': 0}, {'x': 0, 'y': -1}, {'x': 1, 'y': 0}, {'x': 0, 'y': -1}, {'x': 1, 'y': 0}, {'x': 0, 'y': -1}, {'x': 0, 'y': -1}, {'x': -1, 'y': 0}, {'x': 0, 'y': 1}, {'x': -1, 'y': 0}, {'x': 0, 'y': 1}, {'x': -1, 'y': 0}, {'x': 0, 'y': 1}, {'x': 0, 'y': -1}, {'x': 1, 'y': 0}, {'x': 0, 'y': -1}, {'x': 1, 'y': 0}, {'x': 1, 'y': 0}, {'x': 0, 'y': 1}, {'x': -1, 'y': 0}, {'x': 0, 'y': 1}, {'x': -1, 'y': 0}, {'x': -1, 'y': 0}, {'x': 0, 'y': -1}, {'x': 1, 'y': 0}, {'x': 0, 'y': 1}, {'x': 1, 'y': 0}, {'x': 0, 'y': -1}, {'x': -1, 'y': 0}, {'x': -1, 'y': 0}, {'x': 0, 'y': 1}, {'x': -1, 'y': 0}, {'x': 0, 'y': 1}, {'x': -1, 'y': 0}, {'x': -1, 'y': 0}, {'x': 0, 'y': -1}, {'x': 1, 'y': 0}, {'x': 1, 'y': 0}, {'x': 1, 'y': 0}, {'x': 0, 'y': -1}, {'x': 1, 'y': 0}, {'x': 1, 'y': 0}, {'x': 0, 'y': 1}, {'x': -1, 'y': 0}, {'x': 0, 'y': 1}, {'x': -1, 'y': 0}, {'x': -1, 'y': 0}, {'x': 0, 'y': -1}, {'x': 1, 'y': 0}, {'x': -1, 'y': 0}, {'x': -1, 'y': 0}, {'x': -1, 'y': 0}, {'x': 0, 'y': 1}, {'x': 1, 'y': 0}]",4346,73,ldllururlddlllurrdrrururuuldldldururrdldllurdrulldldllurrrurrdldllurllldr
15,Sokogen-990602-Levels,38,"['#####', '#. .####', '#$$    #', '#@$#   #', '# .    #', '########']",8,6,0.0393700787401574,0.6771653543307087,75.0,high,hard,long,A,"[{'x': 1, 'y': 2, 'state': '$'}, {'x': 2, 'y': 2, 'state': '$'}, {'x': 2, 'y': 3, 'state': '$'}]","{'x': 1, 'y': 3}",,"[{'x': 0, 'y': 1}, {'x': 1, 'y': 0}, {'x': 1, 'y': 0}, {'x': 1, 'y': 0}, {'x': 0, 'y': -1}, {'x': 0, 'y': -1}, {'x': -1, 'y': 0}, {'x': 0, 'y': -1}, {'x': -1, 'y': 0}, {'x': -1, 'y': 0}, {'x': 0, 'y': 1}, {'x': 1, 'y': 0}, {'x': 1, 'y': 0}, {'x': 1, 'y': 0}, {'x': 0, 'y': 1}, {'x': 0, 'y': 1}, {'x': -1, 'y': 0}, {'x': -1, 'y': 0}, {'x': -1, 'y': 0}, {'x': 0, 'y': -1}, {'x': 0, 'y': 1}, {'x': 1, 'y': 0}, {'x': 1, 'y': 0}, {'x': 1, 'y': 0}, {'x': 0, 'y': -1}, {'x': 0, 'y': -1}, {'x': -1, 'y': 0}, {'x': -1, 'y': 0}, {'x': 0, 'y': 1}, {'x': -1, 'y': 0}, {'x': 0, 'y': 1}, {'x': 1, 'y': 0}, {'x': 0, 'y': -1}, {'x': 0, 'y': -1}, {'x': 0, 'y': -1}, {'x': -1, 'y': 0}, {'x': 0, 'y': 1}, {'x': 1, 'y': 0}, {'x': 0, 'y': 1}, {'x': 0, 'y': 1}, {'x': 1, 'y': 0}, {'x': 1, 'y': 0}, {'x': 0, 'y': -1}, {'x': 1, 'y': 0}, {'x': 1, 'y': 0}, {'x': 0, 'y': -1}, {'x': -1, 'y': 0}, {'x': -1, 'y': 0}, {'x': -1, 'y': 0}, {'x': 1, 'y': 0}, {'x': 0, 'y': 1}, {'x': 0, 'y': 1}, {'x': -1, 'y': 0}, {'x': -1, 'y': 0}, {'x': 0, 'y': -1}, {'x': 0, 'y': -1}, {'x': -1, 'y': 0}, {'x': 0, 'y': -1}, {'x': 1, 'y': 0}, {'x': 0, 'y': 1}, {'x': 0, 'y': 1}, {'x': 0, 'y': 1}, {'x': -1, 'y': 0}, {'x': 0, 'y': -1}, {'x': 0, 'y': -1}, {'x': 1, 'y': 0}, {'x': 1, 'y': 0}, {'x': 1, 'y': 0}, {'x': 1, 'y': 0}, {'x': 0, 'y': 1}, {'x': 1, 'y': 0}, {'x': 0, 'y': 1}, {'x': -1, 'y': 0}, {'x': -1, 'y': 0}, {'x': -1, 'y': 0}]",8782,75,drrruululldrrrddllludrrruulldldruuuldrddrrurrulllrddlluulurdddluurrrrdrdlll
16,Sokogen-990602-Levels,6,"[' #####', '##   ###', '# .# $@#', '#  # # #', '# *  $.#', '#    ###', '######']",8,7,0.0333333333333333,0.7,55.0,high,hard,long,B,"[{'x': 5, 'y': 2, 'state': '$'}, {'x': 2, 'y': 4, 'state': '*'}, {'x': 5, 'y': 4, 'state': '$'}]","{'x': 6, 'y': 2}",,"[{'x': -1, 'y': 0}, {'x': 1, 'y': 0}, {'x': 0, 'y': 1}, {'x': 0, 'y': 1}, {'x': -1, 'y': 0}, {'x': -1, 'y': 0}, {'x': 0, 'y': 1}, {'x': -1, 'y': 0}, {'x': -1, 'y': 0}, {'x': 0, 'y': -1}, {'x': 0, 'y': 1}, {'x': 1, 'y': 0}, {'x': 1, 'y': 0}, {'x': 0, 'y': -1}, {'x': -1, 'y': 0}, {'x': 0, 'y': 1}, {'x': -1, 'y': 0}, {'x': -1, 'y': 0}, {'x': 0, 'y': -1}, {'x': 0, 'y': -1}, {'x': 0, 'y': -1}, {'x': 1, 'y': 0}, {'x': 0, 'y': -1}, {'x': 1, 'y': 0}, {'x': 1, 'y': 0}, {'x': 0, 'y': 1}, {'x': 0, 'y': 1}, {'x': 0, 'y': -1}, {'x': 0, 'y': -1}, {'x': -1, 'y': 0}, {'x': -1, 'y': 0}, {'x': 0, 'y': 1}, {'x': -1, 'y': 0}, {'x': 0, 'y': 1}, {'x': 0, 'y': 1}, {'x': 0, 'y': 1}, {'x': 1, 'y': 0}, {'x': 1, 'y': 0}, {'x': 0, 'y': -1}, {'x': 1, 'y': 0}, {'x': -1, 'y': 0}, {'x': 0, 'y': 1}, {'x': -1, 'y': 0}, {'x': -1, 'y': 0}, {'x': 0, 'y': -1}, {'x': 1, 'y': 0}, {'x': 0, 'y': -1}, {'x': 0, 'y': 1}, {'x': 0, 'y': 1}, {'x': 1, 'y': 0}, {'x': 1, 'y': 0}, {'x': 0, 'y': -1}, {'x': 1, 'y': 0}, {'x': -1, 'y': 0}, {'x': -1, 'y': 0}]",4833,55,lrddlldlludrruldlluuururrdduulldldddrrurldlluruddrrurll
17,Sokogen-990602-Levels,40,"['######', '#    ###', '# @#$  #', '# *.$  #', '# . #  #', '########']",8,6,0.0337837837837837,0.6486486486486487,75.0,high,hard,long,C,"[{'x': 4, 'y': 2, 'state': '$'}, {'x': 2, 'y': 3, 'state': '*'}, {'x': 4, 'y': 3, 'state': '$'}]","{'x': 2, 'y': 2}",,"[{'x': -1, 'y': 0}, {'x': 0, 'y': 1}, {'x': 0, 'y': 1}, {'x': 1, 'y': 0}, {'x': 0, 'y': -1}, {'x': 1, 'y': 0}, {'x': 1, 'y': 0}, {'x': -1, 'y': 0}, {'x': -1, 'y': 0}, {'x': -1, 'y': 0}, {'x': 0, 'y': -1}, {'x': 0, 'y': -1}, {'x': 1, 'y': 0}, {'x': 1, 'y': 0}, {'x': 1, 'y': 0}, {'x': 0, 'y': 1}, {'x': 1, 'y': 0}, {'x': 1, 'y': 0}, {'x': 0, 'y': 1}, {'x': 0, 'y': 1}, {'x': -1, 'y': 0}, {'x': 0, 'y': -1}, {'x': 1, 'y': 0}, {'x': 0, 'y': -1}, {'x': -1, 'y': 0}, {'x': 0, 'y': 1}, {'x': -1, 'y': 0}, {'x': -1, 'y': 0}, {'x': 0, 'y': 1}, {'x': -1, 'y': 0}, {'x': -1, 'y': 0}, {'x': 0, 'y': -1}, {'x': 0, 'y': -1}, {'x': 0, 'y': -1}, {'x': 1, 'y': 0}, {'x': 1, 'y': 0}, {'x': 1, 'y': 0}, {'x': 0, 'y': 1}, {'x': 0, 'y': -1}, {'x': -1, 'y': 0}, {'x': -1, 'y': 0}, {'x': -1, 'y': 0}, {'x': 0, 'y': 1}, {'x': 0, 'y': 1}, {'x': 0, 'y': 1}, {'x': 1, 'y': 0}, {'x': 1, 'y': 0}, {'x': 0, 'y': -1}, {'x': 1, 'y': 0}, {'x': -1, 'y': 0}, {'x': 0, 'y': 1}, {'x': -1, 'y': 0}, {'x': -1, 'y': 0}, {'x': 0, 'y': -1}, {'x': 1, 'y': 0}, {'x': -1, 'y': 0}, {'x': 0, 'y': -1}, {'x': 0, 'y': -1}, {'x': 1, 'y': 0}, {'x': 0, 'y': 1}, {'x': 0, 'y': 1}, {'x': 0, 'y': -1}, {'x': 0, 'y': -1}, {'x': 1, 'y': 0}, {'x': 1, 'y': 0}, {'x': 0, 'y': 1}, {'x': 0, 'y': 1}, {'x': -1, 'y': 0}, {'x': 1, 'y': 0}, {'x': 0, 'y': -1}, {'x': 1, 'y': 0}, {'x': 1, 'y': 0}, {'x': 0, 'y': 1}, {'x': -1, 'y': 0}, {'x': -1, 'y': 0}]",2591,75,lddrurrllluurrrdrrddluruldlldlluuurrrdullldddrrurldllurluurdduurrddlrurrdll
18,Sokogen-990602-Levels,34,"['########', '##@ ####', '##$$   #', '#  $ # #', '# # ...#', '#   ####', '########']",8,7,0.0307692307692307,0.7769230769230769,66.0,low,easy,long,A,"[{'x': 2, 'y': 2, 'state': '$'}, {'x': 3, 'y': 2, 'state': '$'}, {'x': 3, 'y': 3, 'state': '$'}]","{'x': 2, 'y': 1}",,"[{'x': 0, 'y': 1}, {'x': 1, 'y': 0}, {'x': 1, 'y': 0}, {'x': 0, 'y': 1}, {'x': 0, 'y': 1}, {'x': -1, 'y': 0}, {'x': 0, 'y': -1}, {'x': 1, 'y': 0}, {'x': 0, 'y': -1}, {'x': -1, 'y': 0}, {'x': 0, 'y': 1}, {'x': 0, 'y': 1}, {'x': 0, 'y': 1}, {'x': -1, 'y': 0}, {'x': -1, 'y': 0}, {'x': 0, 'y': -1}, {'x': 0, 'y': -1}, {'x': 1, 'y': 0}, {'x': 1, 'y': 0}, {'x': 0, 'y': -1}, {'x': 0, 'y': -1}, {'x': -1, 'y': 0}, {'x': 0, 'y': 1}, {'x': 1, 'y': 0}, {'x': 0, 'y': 1}, {'x': 0, 'y': 1}, {'x': 1, 'y': 0}, {'x': 1, 'y': 0}, {'x': 1, 'y': 0}, {'x': 0, 'y': -1}, {'x': 0, 'y': -1}, {'x': -1, 'y': 0}, {'x': -1, 'y': 0}, {'x': 0, 'y': 1}, {'x': -1, 'y': 0}, {'x': 0, 'y': 1}, {'x': 1, 'y': 0}, {'x': 1, 'y': 0}, {'x': -1, 'y': 0}, {'x': -1, 'y': 0}, {'x': 0, 'y': 1}, {'x': -1, 'y': 0}, {'x': -1, 'y': 0}, {'x': 0, 'y': -1}, {'x': 0, 'y': -1}, {'x': 1, 'y': 0}, {'x': 1, 'y': 0}, {'x': -1, 'y': 0}, {'x': 0, 'y': -1}, {'x': 0, 'y': -1}, {'x': 1, 'y': 0}, {'x': 0, 'y': 1}, {'x': 1, 'y': 0}, {'x': 0, 'y': 1}, {'x': 0, 'y': -1}, {'x': -1, 'y': 0}, {'x': -1, 'y': 0}, {'x': 0, 'y': 1}, {'x': 1, 'y': 0}, {'x': 0, 'y': 1}, {'x': 1, 'y': 0}, {'x': -1, 'y': 0}, {'x': 0, 'y': -1}, {'x': 0, 'y': -1}, {'x': 1, 'y': 0}, {'x': 0, 'y': 1}]",7948,66,drrddluruldddlluurruuldrddrrruulldldrrlldlluurrluurdrdulldrdrluurd
19,Microban,48,"['######', '#  @ #', '#  # ##', '# .#  ##', '# .$$$ #', '# .#   #', '####   #', '   #####']",8,8,0.0261538461538461,0.7353846153846154,64.0,low,easy,long,B,"[{'x': 3, 'y': 4, 'state': '$'}, {'x': 4, 'y': 4, 'state': '$'}, {'x': 5, 'y': 4, 'state': '$'}]","{'x': 3, 'y': 1}",,"[{'x': 1, 'y': 0}, {'x': 0, 'y': 1}, {'x': 0, 'y': 1}, {'x': 0, 'y': 1}, {'x': -1, 'y': 0}, {'x': 1, 'y': 0}, {'x': 0, 'y': -1}, {'x': 0, 'y': -1}, {'x': 0, 'y': -1}, {'x': -1, 'y': 0}, {'x': -1, 'y': 0}, {'x': 0, 'y': 1}, {'x': 0, 'y': 1}, {'x': -1, 'y': 0}, {'x': 0, 'y': 1}, {'x': 0, 'y': 1}, {'x': 1, 'y': 0}, {'x': 0, 'y': -1}, {'x': 0, 'y': -1}, {'x': 0, 'y': 1}, {'x': 1, 'y': 0}, {'x': 1, 'y': 0}, {'x': 0, 'y': -1}, {'x': 1, 'y': 0}, {'x': 0, 'y': 1}, {'x': 1, 'y': 0}, {'x': 0, 'y': 1}, {'x': 0, 'y': 1}, {'x': -1, 'y': 0}, {'x': 0, 'y': -1}, {'x': 1, 'y': 0}, {'x': 0, 'y': -1}, {'x': -1, 'y': 0}, {'x': -1, 'y': 0}, {'x': -1, 'y': 0}, {'x': 1, 'y': 0}, {'x': 0, 'y': -1}, {'x': 0, 'y': -1}, {'x': 0, 'y': -1}, {'x': -1, 'y': 0}, {'x': -1, 'y': 0}, {'x': -1, 'y': 0}, {'x': 0, 'y': 1}, {'x': 0, 'y': 1}, {'x': 1, 'y': 0}, {'x': 0, 'y': 1}, {'x': 1, 'y': 0}, {'x': 1, 'y': 0}, {'x': 1, 'y': 0}, {'x': 0, 'y': 1}, {'x': 0, 'y': 1}, {'x': -1, 'y': 0}, {'x': 0, 'y': -1}, {'x': 1, 'y': 0}, {'x': 0, 'y': -1}, {'x': -1, 'y': 0}, {'x': -1, 'y': 0}, {'x': 1, 'y': 0}, {'x': 0, 'y': -1}, {'x': 0, 'y': -1}, {'x': 0, 'y': -1}, {'x': -1, 'y': 0}, {'x': -1, 'y': 0}, {'x': 0, 'y': 1}]",11324,64,rdddlruuullddlddruudrrurdrddlurulllruuulllddrdrrrddlurullruuulld
20,Microban,43,"['     ####', '     # @#', '     #  #', '###### .#', '#   $  .#', '#  $$# .#', '#    ####', '###  #', '  ####']",9,9,0.0297520661157024,0.7636363636363637,61.0,low,easy,long,C,"[{'x': 4, 'y': 4, 'state': '$'}, {'x': 3, 'y': 5, 'state': '$'}, {'x': 4, 'y': 5, 'state': '$'}]","{'x': 7, 'y': 1}",,"[{'x': 0, 'y': 1}, {'x': 0, 'y': 1}, {'x': 0, 'y': 1}, {'x': -1, 'y': 0}, {'x': -1, 'y': 0}, {'x': -1, 'y': 0}, {'x': 0, 'y': 1}, {'x': -1, 'y': 0}, {'x': 0, 'y': 1}, {'x': -1, 'y': 0}, {'x': -1, 'y': 0}, {'x': 0, 'y': -1}, {'x': 1, 'y': 0}, {'x': 0, 'y': -1}, {'x': 1, 'y': 0}, {'x': 1, 'y': 0}, {'x': 1, 'y': 0}, {'x': 1, 'y': 0}, {'x': 0, 'y': 1}, {'x': 1, 'y': 0}, {'x': 0, 'y': -1}, {'x': 0, 'y': -1}, {'x': -1, 'y': 0}, {'x': 0, 'y': 1}, {'x': -1, 'y': 0}, {'x': -1, 'y': 0}, {'x': 0, 'y': 1}, {'x': -1, 'y': 0}, {'x': 0, 'y': 1}, {'x': -1, 'y': 0}, {'x': 0, 'y': -1}, {'x': -1, 'y': 0}, {'x': 0, 'y': -1}, {'x': 1, 'y': 0}, {'x': 1, 'y': 0}, {'x': 1, 'y': 0}, {'x': 1, 'y': 0}, {'x': 1, 'y': 0}, {'x': 0, 'y': -1}, {'x': 1, 'y': 0}, {'x': 0, 'y': 1}, {'x': -1, 'y': 0}, {'x': -1, 'y': 0}, {'x': -1, 'y': 0}, {'x': -1, 'y': 0}, {'x': 0, 'y': 1}, {'x': 0, 'y': 1}, {'x': 0, 'y': 1}, {'x': 1, 'y': 0}, {'x': 0, 'y': -1}, {'x': 0, 'y': -1}, {'x': -1, 'y': 0}, {'x': 0, 'y': -1}, {'x': 1, 'y': 0}, {'x': 1, 'y': 0}, {'x': 1, 'y': 0}, {'x': 0, 'y': -1}, {'x': 0, 'y': -1}, {'x': 0, 'y': -1}, {'x': 1, 'y': 0}, {'x': 0, 'y': 1}]",29111,61,dddllldldllururrrrdruuldlldldlulurrrrrurdlllldddruulurrruuurd
21,Sokogen-990602-Levels,35,"['######', '#@ * ###', '# #    #', '#.$$.# #', '#      #', '########']",8,6,0.054054054054054,0.8378378378378378,53.0,high,easy,long,A,"[{'x': 3, 'y': 1, 'state': '*'}, {'x': 2, 'y': 3, 'state': '$'}, {'x': 3, 'y': 3, 'state': '$'}]","{'x': 1, 'y': 1}",,"[{'x': 0, 'y': 1}, {'x': 0, 'y': 1}, {'x': 0, 'y': 1}, {'x': 1, 'y': 0}, {'x': 1, 'y': 0}, {'x': 0, 'y': -1}, {'x': 0, 'y': 1}, {'x': -1, 'y': 0}, {'x': -1, 'y': 0}, {'x': 0, 'y': -1}, {'x': 1, 'y': 0}, {'x': 1, 'y': 0}, {'x': 0, 'y': 1}, {'x': 1, 'y': 0}, {'x': 1, 'y': 0}, {'x': 1, 'y': 0}, {'x': 0, 'y': -1}, {'x': 0, 'y': -1}, {'x': -1, 'y': 0}, {'x': -1, 'y': 0}, {'x': 0, 'y': -1}, {'x': -1, 'y': 0}, {'x': 0, 'y': 1}, {'x': 1, 'y': 0}, {'x': 1, 'y': 0}, {'x': 1, 'y': 0}, {'x': 0, 'y': 1}, {'x': 0, 'y': 1}, {'x': -1, 'y': 0}, {'x': -1, 'y': 0}, {'x': 0, 'y': -1}, {'x': -1, 'y': 0}, {'x': 0, 'y': -1}, {'x': 0, 'y': -1}, {'x': 1, 'y': 0}, {'x': 0, 'y': 1}, {'x': -1, 'y': 0}, {'x': 0, 'y': 1}, {'x': 0, 'y': 1}, {'x': -1, 'y': 0}, {'x': -1, 'y': 0}, {'x': 0, 'y': -1}, {'x': 0, 'y': -1}, {'x': 0, 'y': -1}, {'x': 1, 'y': 0}, {'x': -1, 'y': 0}, {'x': 0, 'y': 1}, {'x': 0, 'y': 1}, {'x': 0, 'y': 1}, {'x': 1, 'y': 0}, {'x': 1, 'y': 0}, {'x': 0, 'y': -1}, {'x': -1, 'y': 0}]",2402,53,dddrrudllurrdrrruulluldrrrddlluluurdlddlluuurldddrrul
22,Sokogen-990602-Levels,39,"['######', '#    #', '# ## ##', '# . * ###', '## $ *  #', ' #  #  @#', ' ########']",9,7,0.045045045045045,0.7927927927927928,60.0,high,easy,long,B,"[{'x': 4, 'y': 3, 'state': '*'}, {'x': 3, 'y': 4, 'state': '$'}, {'x': 5, 'y': 4, 'state': '*'}]","{'x': 7, 'y': 5}",,"[{'x': -1, 'y': 0}, {'x': 0, 'y': -1}, {'x': -1, 'y': 0}, {'x': 0, 'y': -1}, {'x': -1, 'y': 0}, {'x': 0, 'y': -1}, {'x': 0, 'y': -1}, {'x': -1, 'y': 0}, {'x': -1, 'y': 0}, {'x': -1, 'y': 0}, {'x': 0, 'y': 1}, {'x': 0, 'y': 1}, {'x': 1, 'y': 0}, {'x': 1, 'y': 0}, {'x': -1, 'y': 0}, {'x': 0, 'y': 1}, {'x': 0, 'y': 1}, {'x': 1, 'y': 0}, {'x': 0, 'y': -1}, {'x': 1, 'y': 0}, {'x': 1, 'y': 0}, {'x': -1, 'y': 0}, {'x': -1, 'y': 0}, {'x': -1, 'y': 0}, {'x': 0, 'y': -1}, {'x': -1, 'y': 0}, {'x': 0, 'y': -1}, {'x': 0, 'y': -1}, {'x': 1, 'y': 0}, {'x': 1, 'y': 0}, {'x': 1, 'y': 0}, {'x': 0, 'y': 1}, {'x': 0, 'y': 1}, {'x': 1, 'y': 0}, {'x': 0, 'y': 1}, {'x': -1, 'y': 0}, {'x': -1, 'y': 0}, {'x': 1, 'y': 0}, {'x': 0, 'y': -1}, {'x': 0, 'y': -1}, {'x': 0, 'y': -1}, {'x': -1, 'y': 0}, {'x': -1, 'y': 0}, {'x': -1, 'y': 0}, {'x': 0, 'y': 1}, {'x': 0, 'y': 1}, {'x': 1, 'y': 0}, {'x': 1, 'y': 0}, {'x': 0, 'y': 1}, {'x': 0, 'y': 1}, {'x': -1, 'y': 0}, {'x': 0, 'y': -1}, {'x': 1, 'y': 0}, {'x': 1, 'y': 0}, {'x': 1, 'y': 0}, {'x': 0, 'y': 1}, {'x': 1, 'y': 0}, {'x': 1, 'y': 0}, {'x': 0, 'y': -1}, {'x': -1, 'y': 0}]",2070,60,lululuulllddrrlddrurrllluluurrrddrdllruuulllddrrddlurrrdrrul
23,Sokogen-990602-Levels,46,"['#######', '##  ###', '## .$ #', '# $$  #', '# #. .#', '#@  ###', '#######']",7,7,0.040983606557377,0.7459016393442623,48.0,high,easy,long,C,"[{'x': 4, 'y': 2, 'state': '$'}, {'x': 2, 'y': 3, 'state': '$'}, {'x': 3, 'y': 3, 'state': '$'}]","{'x': 1, 'y': 5}",,"[{'x': 1, 'y': 0}, {'x': 1, 'y': 0}, {'x': 0, 'y': -1}, {'x': 0, 'y': -1}, {'x': 0, 'y': 1}, {'x': 0, 'y': 1}, {'x': -1, 'y': 0}, {'x': -1, 'y': 0}, {'x': 0, 'y': -1}, {'x': 0, 'y': -1}, {'x': 1, 'y': 0}, {'x': 1, 'y': 0}, {'x': -1, 'y': 0}, {'x': 0, 'y': -1}, {'x': 0, 'y': -1}, {'x': 1, 'y': 0}, {'x': 0, 'y': 1}, {'x': 0, 'y': 1}, {'x': -1, 'y': 0}, {'x': -1, 'y': 0}, {'x': 0, 'y': 1}, {'x': 0, 'y': 1}, {'x': 1, 'y': 0}, {'x': 1, 'y': 0}, {'x': 0, 'y': -1}, {'x': 1, 'y': 0}, {'x': 1, 'y': 0}, {'x': 0, 'y': -1}, {'x': 0, 'y': -1}, {'x': -1, 'y': 0}, {'x': 0, 'y': 1}, {'x': -1, 'y': 0}, {'x': 0, 'y': 1}, {'x': 1, 'y': 0}, {'x': -1, 'y': 0}, {'x': 0, 'y': 1}, {'x': -1, 'y': 0}, {'x': -1, 'y': 0}, {'x': 0, 'y': -1}, {'x': 0, 'y': -1}, {'x': 1, 'y': 0}, {'x': 0, 'y': -1}, {'x': 1, 'y': 0}, {'x': 0, 'y': 1}, {'x': 1, 'y': 0}, {'x': 1, 'y': 0}, {'x': 0, 'y': -1}, {'x': -1, 'y': 0}]",1688,48,rruuddlluurrluurddllddrrurruuldldrldlluururdrrul
,tutorial,3,"['######', '#  $.#', '#@ $.#', '#    #', '######']",6,5,,,,,,,,"[{'x': 3, 'y': 2, 'state': '$'}, {'x': 3, 'y': 1, 'state': '$'}]","{'x': 1, 'y': 2}",5.0,"[{'x': 1, 'y': 0}, {'x': 1, 'y': 0}, {'x': -1, 'y': 0}, {'x': 0, 'y': -1}, {'x': 1, 'y': 0}]",24,5,rrlur
,tutorial,4,"['######', '#    #', '#*$ @#', '#. ###', '######']",6,5,,,,,,,,"[{'x': 1, 'y': 2, 'state': '*'}, {'x': 2, 'y': 2, 'state': '$'}]","{'x': 4, 'y': 1}",10.0,"[{'x': 0, 'y': -1}, {'x': -1, 'y': 0}, {'x': -1, 'y': 0}, {'x': -1, 'y': 0}, {'x': 0, 'y': 1}, {'x': 0, 'y': -1}, {'x': 1, 'y': 0}, {'x': 1, 'y': 0}, {'x': 0, 'y': 1}, {'x': -1, 'y': 0}]",33,10,ullldurrdl
,tutorial,5,"['  #####', '  #.  #', '###   #', '# $*$ #', '#   ###', '#@ .#', '#####']",7,7,,,,,,,,"[{'x': 2, 'y': 3, 'state': '$'}, {'x': 3, 'y': 3, 'state': '*'}, {'x': 4, 'y': 3, 'state': '$'}]","{'x': 1, 'y': 5}",17.0,"[{'x': 1, 'y': 0}, {'x': 1, 'y': 0}, {'x': 0, 'y': -1}, {'x': 0, 'y': -1}, {'x': 0, 'y': -1}, {'x': 1, 'y': 0}, {'x': 1, 'y': 0}, {'x': 0, 'y': 1}, {'x': -1, 'y': 0}, {'x': 0, 'y': -1}, {'x': -1, 'y': 0}, {'x': 0, 'y': 1}, {'x': 0, 'y': 1}, {'x': -1, 'y': 0}, {'x': -1, 'y': 0}, {'x': 0, 'y': -1}, {'x': 1, 'y': 0}]",158,17,rruuurrdlulddllur
